name,category,current_price,original_price,unit,timestamp
Uhorka šalátová,Ovocie a Zelenina,"14,99",1,1 kus,2026-05-17T22:27:24.922775
Uhorka šalátová,Ovocie a Zelenina,1,,1 kus,2026-05-17T22:27:24.927912
Čerstvé zo Slovenska,Ostatné,"5,56",250,250 g,2026-05-17T22:27:24.994385
Šunka z morčacích pŕs,Mäso,"6,50",100,100 g,2026-05-17T22:27:25.069891
Staropramen,Nápoje,"0,78",10,"0,5 l",2026-05-17T22:27:25.303633
Svetlé pivo,Nápoje,10,,,2026-05-17T22:27:25.311529
Franz JosefTuniakový šalát,Ovocie a Zelenina,"9,31",1,1 kus,2026-05-17T22:27:25.870883
K-ClassicPasírované paradajky,Ovocie a Zelenina,"0,88",500,500 g,2026-05-17T22:27:25.960223
BudišMinerálna voda,Ostatné,"0,23","1,5","1,5 l",2026-05-17T22:27:26.065162
Hrozno biele bezjadierkové,Ostatné,20,500,500 g,2026-05-17T22:27:26.434440
Bravčové stehno,Mäso,20,1,1 kg,2026-05-17T22:27:26.504387
Írske hovädzie stehno orech,Mäso,1,,1 kg,2026-05-17T22:27:26.579905
Oravská slanina,Ostatné,"9,45",200,200 g,2026-05-17T22:27:26.656277
K-ClassicTrvanlivé mlieko polotučné,Mliečne výrobky,"1,5",1,1 l,2026-05-17T22:27:26.788648
Cheddar Mild,Ostatné,4,,,2026-05-17T22:27:26.955279
Rajo Active ProteinOchutený tvaroh,Mliečne výrobky,"6,95",200,200 g,2026-05-17T22:27:27.127412
K-ClassicMexická zeleninová zmes,Ostatné,"2,12",750,750 g,2026-05-17T22:27:27.198259
Mylord PremiumAljašská treska porcie,Ostatné,"6,66",900,900 g,2026-05-17T22:27:27.284601
GamberinaMrazený krém,Ostatné,"12,63",300,300 g,2026-05-17T22:27:27.354010
SojaproduktTofu,Ostatné,"3,25",200,200 g,2026-05-17T22:27:27.425582
Pierre BaguetteBageta Debrecínska,Pečivo,"9,95",210,240 g,2026-05-17T22:27:27.485051
DIJOMaxi Tortilla,Ostatné,"4,02",570,570 g,2026-05-17T22:27:27.546968
Sweet Baby Ray´sOmáčka,Ostatné,"8,71",510,510 g,2026-05-17T22:27:27.601795
Matjesové rezyzo sleďa obyčajného,Ostatné,"5,20",100,100 g,2026-05-17T22:27:27.660447
Otma GurmánKečup,Ostatné,"3,13",860,860 g,2026-05-17T22:27:27.735095
K-ClassicHrášok,Ostatné,"2,81",800,800 g,2026-05-17T22:27:27.796903
K-ClassicTuniakové paté,Trvanlivé / Snacks,"10,42",95,95 g,2026-05-17T22:27:27.855493
K-ClassicMandle blanšírované,Ostatné,"19,90",100,100 g,2026-05-17T22:27:27.935557
HAMÉNátierka,Ostatné,"7,50",100,100 g,2026-05-17T22:27:28.005765
Bell ZvolenOlej,Trvanlivé / Snacks,20,1,1 l,2026-05-17T22:27:28.100531
Kráľovský cheesecakes višňami,Ostatné,"7,06",650,650 g,2026-05-17T22:27:28.154256
Višňová taštičkas belgickou čokoládou,Trvanlivé / Snacks,"4,67",90,90 g,2026-05-17T22:27:28.233207
BauliKváskový croissant,Ostatné,"8,30",6,50 g,2026-05-17T22:27:28.305281
Kváskový chlebík slnečnicový,Ostatné,"3,48",400,400 g,2026-05-17T22:27:28.377090
VAMEXChlieb proteínový,Pečivo,"4,87",450,450 g,2026-05-17T22:27:28.451380
Ritter SportČokoláda,Trvanlivé / Snacks,"15,90",100,100 g,2026-05-17T22:27:28.566726
PringlesSnack,Ostatné,"15,09",165,165 g,2026-05-17T22:27:28.652774
CarlaDezert,Ostatné,"24,92",120,120 g,2026-05-17T22:27:28.721903
K-ClassicOvocné tyčinky,Ostatné,"11,67",5,30 g,2026-05-17T22:27:28.785366
LIPOŽelé cukrovinka,Ostatné,"5,00",150,150 g,2026-05-17T22:27:28.847851
Zlatý BažantNealkoholický radler,Ostatné,"1,70","0,5","0,5 l",2026-05-17T22:27:28.917292
GambrinusSvetlé pivo,Nápoje,10,10,"0,5 l",2026-05-17T22:27:28.981396
VineaHroznový nápoj,Ostatné,"0,79","1,5","1,5 l",2026-05-17T22:27:29.039231
Mixni to!Nápojový koncentrát,Ostatné,"1,70","0,7","0,7 l",2026-05-17T22:27:29.097259
Gibson´sLiehovina,Ostatné,"16,13","0,7","0,7 l",2026-05-17T22:27:29.283918
Aloe veraNealkoholický nápoj,Ostatné,"1,53","1,5","1,5 l",2026-05-17T22:27:29.354857
BruncvíkSvetlé pivo,Nápoje,"0,78","0,5","0,5 l",2026-05-17T22:27:29.419623
BruncvíkSvetlý ležiak,Ostatné,"0,84","0,5","0,5 l",2026-05-17T22:27:29.480164
BruncvíkPolotmavý ležiak,Ostatné,"0,88","0,5","0,5 l",2026-05-17T22:27:29.542635
BruncvíkTmavý ležiak,Ostatné,"0,98","0,5","0,5 l",2026-05-17T22:27:29.603239
BruncvíkNealkoholické svetlé pivo,Nápoje,"0,56","0,5","0,5 l",2026-05-17T22:27:29.686487
VoscariniVíno,Nápoje,"2,52","0,75","0,75 l",2026-05-17T22:27:29.761484
VoscariniVíno,Nápoje,"2,13","1,5","1,5 l",2026-05-17T22:27:29.822894
VoscariniVínny koktail,Ostatné,"2,65","0,75","0,75 l",2026-05-17T22:27:29.885173
K-ClassicSirup,Ostatné,"4,13","0,7","0,7 l",2026-05-17T22:27:29.945933
CoolMiešaný nealkoholický nápoj,Ostatné,"1,58","0,5","0,5 l",2026-05-17T22:27:30.001947
LeonsteinerRadler,Ostatné,"1,10","0,5","0,5 l",2026-05-17T22:27:30.062830
ListerineÚstna voda,Ostatné,"8,78",500,500 ml,2026-05-17T22:27:30.126057
HelloOvocná desiata,Ostatné,"3,40",100,100 g,2026-05-17T22:27:30.205977
BatisteSuchý šampón,Ostatné,"16,45",200,200 ml,2026-05-17T22:27:30.278720
Switch OnFólie na vákuovanie,Ostatné,"1,66",3,3 kus,2026-05-17T22:27:30.433621
Switch OnFólie na vákuovanie,Ostatné,"2,50",2,2 kus,2026-05-17T22:27:30.509372
ParksideInvertná zváračka,Ostatné,5,1,1 balenie,2026-05-17T22:27:30.602368
ParksideVodováha s uhlomerom,Ostatné,1,,1 kus,2026-05-17T22:27:30.697244
ParksideVodováhy,Ostatné,3,,3 kus,2026-05-17T22:27:30.771386
ParksideUpínacie svorky,Ostatné,"3,00",2,2 kus,2026-05-17T22:27:30.848876
ParksideUpínacie svorky,Ostatné,"1,50",4,4 kus,2026-05-17T22:27:30.931315
RajoTvaroh jemný hrudkovitý,Mliečne výrobky,"3,96",250,250 g,2026-05-17T22:27:31.243417
LučinaMäkký nezrejúci syr,Mliečne výrobky,"12,42",120,120 g,2026-05-17T22:27:31.503318
Dr.OetkerPizza Feliciana,Ostatné,"6,12",320,360 g,2026-05-17T22:27:31.567278
ÖlzSuper mäkký sendvič,Ostatné,"2,79",750,750 g,2026-05-17T22:27:31.630378
Vizard Medovník,Ostatné,"8,88",900,900 g,2026-05-17T22:27:31.684462
MányaJazmínová ryža,Trvanlivé / Snacks,1,,1 kg,2026-05-17T22:27:31.747028
HaméNátierka,Ostatné,"6,19",160,160 g,2026-05-17T22:27:31.803010
BORGESOlivový olej,Trvanlivé / Snacks,"9,78",500,500 ml,2026-05-17T22:27:31.863098
JojoCukríky,Ostatné,"9,88",70,80 g,2026-05-17T22:27:31.925864
NescaféInstantná káva,Ostatné,"29,95",200,200 g,2026-05-17T22:27:31.988098
Opavia BrumíkJemné pečivo,Pečivo,"9,93",150,150 g,2026-05-17T22:27:32.102337
GreisingerMini slaninové párky,Ostatné,"9,56",250,250 g,2026-05-17T22:27:32.200923
BergerŠunka morčacia(=,Mäso,"17,90",1,1 kg,2026-05-17T22:27:32.264386
"Bravčová krkovičkabez kosti, v celku",Mäso,20,1,1 kg,2026-05-17T22:27:32.321663
K-ClassicArašidy v cestíčku,Ostatné,"4,45",200,200 g,2026-05-17T22:27:32.380659
KvaskoPšeničný chlieb,Pečivo,"3,35",505,505 g,2026-05-17T22:27:32.446094
Púchovský uherák,Ostatné,"12,50",100,100 g,2026-05-17T22:27:32.513291
K-ClassicTrstinový cukor,Ostatné,"1,78",500,500 g,2026-05-17T22:27:32.592077
AustriaMozartove gule,Ostatné,"16,25",264,264 g,2026-05-17T22:27:32.654872
SchweppesLimonáda,Ostatné,"0,93","1,5","1,5 l",2026-05-17T22:27:32.712746
MariannaŠošovica,Ostatné,"2,60",250,250 g,2026-05-17T22:27:32.769346
PerníkářPerník,Ostatné,"4,17",60,60 g,2026-05-17T22:27:32.827407
Stará MamaPirohy zemiakovo-bryndzové,Ostatné,"2,70",2,2 kg,2026-05-17T22:27:32.886287
MilkTrvanlivé mlieko,Mliečne výrobky,"3,5",1,1 l,2026-05-17T22:27:32.967394
"Čerstvé ovocie a zelenina, Kvety",Ostatné,"1,29",14.05,1 kus,2026-05-17T22:27:33.015815
"Čerstvé ovocie a zelenina, Kvety",Ostatné,20.05,14.05,,2026-05-17T22:27:33.019564
Dipladénia,Ostatné,"1,29",14,1 kus,2026-05-17T22:27:33.033583
Dipladénia,Ostatné,1,14,1 kus,2026-05-17T22:27:33.036903
(Dipladenia) priemer kvetináča:,Ostatné,14,,,2026-05-17T22:27:33.060954
Frézie v kvetináči,Ostatné,1,13,1 kus,2026-05-17T22:27:33.087027
(Freesia) priemer kvetináča:,Ostatné,13,,,2026-05-17T22:27:33.110620
Konifery mix,Ostatné,1,,1 kus,2026-05-17T22:27:33.133763
Klinček záhradný,Ostatné,1,9,1 kus,2026-05-17T22:27:33.178500
(Dianthus caryophyllus) priemer kvetináča:,Ostatné,9,,,2026-05-17T22:27:33.200091
Javor dlaňovitolistý,Ostatné,1,"10,5",1 kus,2026-05-17T22:27:33.241141
(Acer palmatum) priemer kvetináča:,Ostatné,"10,5",,,2026-05-17T22:27:33.283035
Bugénvilea,Ostatné,1,14,1 kus,2026-05-17T22:27:33.317125
(Bougainvillea Purple) priemer kvetináča:,Ostatné,14,,,2026-05-17T22:27:33.345345
Levanduľa úzkolistá,Ostatné,"1,00",6,6 kus,2026-05-17T22:27:33.371052
(Lavandula angustifolia),Ostatné,6,,6 kus,2026-05-17T22:27:33.398016
Jablko červené,Ovocie a Zelenina,1,,1 kg,2026-05-17T22:27:33.480908
Paprika farebná,Ovocie a Zelenina,"3,18",500,500 g,2026-05-17T22:27:33.581638
Marhule slovenské,Ostatné,"3,98",500,500 g,2026-05-17T22:27:33.633962
Čerstvé zo SlovenskaParadajky cherry strapcové,Ovocie a Zelenina,"5,56",250,250 g,2026-05-17T22:27:33.680741
Šalát ľadový,Ovocie a Zelenina,1,,1 kus,2026-05-17T22:27:33.907405
Kapusta biela,Ostatné,1,,1 kg,2026-05-17T22:27:34.083276
Dyňa červená mini,Ostatné,1,,1 kus,2026-05-17T22:27:34.198606
Čučoriedky,Ovocie a Zelenina,"9,52",125,125 g,2026-05-17T22:27:34.443588
"Mäso, hydina, údeniny",Mäso,"5,89",14.05,100 g,2026-05-17T22:27:34.853222
"Mäso, hydina, údeniny",Mäso,20.05,14.05,,2026-05-17T22:27:34.856425
Chilli šunka,Mäso,"5,89",100,100 g,2026-05-17T22:27:34.867408
Chilli šunka,Mäso,"8,90",100,100 g,2026-05-17T22:27:34.870787
Anglická slanina,Ostatné,"6,90",100,100 g,2026-05-17T22:27:34.937522
Bravčová slanina,Mäso,1,,1 kg,2026-05-17T22:27:34.983339
Bravčová hruď,Mäso,1,,1 kg,2026-05-17T22:27:35.031887
K-Favourites,Ostatné,1,,1 kg,2026-05-17T22:27:35.200043
Bravčové rebierka z bôčika,Mäso,1,,1 kg,2026-05-17T22:27:35.327075
Údený mäsitý špic,Ostatné,"4,90",100,100 g,2026-05-17T22:27:35.375553
Bravčová krkovičkamarináde,Mäso,1,1,1 kg,2026-05-17T22:27:35.428963
Bravčové rebierkav BBQ marináde,Mäso,"9,32",750,750 g,2026-05-17T22:27:35.476478
Gril mix klobáskapapriková  a biely bavor,Mäso,"6,98",500,500 g,2026-05-17T22:27:35.522277
Dedova šunková lahôdka,Ostatné,"7,50",100,100 g,2026-05-17T22:27:35.569514
HSHKráľovské kuracie stehnácena za,Mäso,1,,1 kg,2026-05-17T22:27:35.616222
HSHKuracie stehná hornécena za,Mäso,1,,1 kg,2026-05-17T22:27:35.665579
HSHKráľovská polievková zmescena za,Ostatné,1,,1 kg,2026-05-17T22:27:35.713740
LACNÉ!Kurča bez drobovcena za,Ostatné,1,,1 kg,2026-05-17T22:27:35.764377
Kurča bez drobovcena za,Ostatné,1,,1 kg,2026-05-17T22:27:35.783323
"Bravčové stehnobez kosti, v celku",Mäso,20,1,1 kg,2026-05-17T22:27:35.863744
K-PurlandKuracie rezne prsnécena za,Mäso,1,,1 kg,2026-05-17T22:27:35.987959
K-PurlandKuracie dolné stehnácena za,Mäso,1,,1 kg,2026-05-17T22:27:36.034678
K-PurlandKuracia polievková zmescena za,Mäso,1,,1 kg,2026-05-17T22:27:36.080847
K-PurlandKuracie horné alebo dolné,Mäso,1,,1 kg,2026-05-17T22:27:36.154505
MecomLovecká saláma,Mäso,"8,63",520,520 g,2026-05-17T22:27:36.219374
Hungaria saláma,Mäso,"12,98",400,400 g,2026-05-17T22:27:36.269170
Cabaj čáporská klobása,Mäso,"6,22",690,690 g,2026-05-17T22:27:36.319447
Mangalica klobása,Mäso,"11,90",100,100 g,2026-05-17T22:27:36.435686
Chorizo saláma,Mäso,"10,50",100,100 g,2026-05-17T22:27:36.535927
Česká šunka,Mäso,"8,20",100,100 g,2026-05-17T22:27:36.586522
Cisárske párky,Ostatné,"7,90",100,100 g,2026-05-17T22:27:36.684339
MecomKlobásky mix,Mäso,"8,92",380,380 g,2026-05-17T22:27:36.736753
Kuracie horné stehnácena za,Mäso,1,,1 kg,2026-05-17T22:27:36.784328
ChoduraGril párky,Ostatné,"11,07",270,270 g,2026-05-17T22:27:36.835652
Bavorské klobásky,Mäso,"9,00",210,210g,2026-05-17T22:27:36.886494
Klobása na grilrôzne druhy,Mäso,"8,90",100,100 g,2026-05-17T22:27:36.959892
Čerstvé ryby,Ostatné,"1,04",14.05,100 g,2026-05-17T22:27:37.016240
Čerstvé ryby,Ostatné,20.05,14.05,,2026-05-17T22:27:37.020373
K-Blue Bay,Ostatné,"1,04",100,100 g,2026-05-17T22:27:37.034369
K-Blue Bay,Ostatné,"18,90",100,100 g,2026-05-17T22:27:37.037932
Pstruh celý pitvaný,Ostatné,"7,90",100,100 g,2026-05-17T22:27:37.085178
Čerstvé výrobky,Ostatné,"4,69",14.05,200 g,2026-05-17T22:27:37.132511
Čerstvé výrobky,Ostatné,20.05,14.05,,2026-05-17T22:27:37.135477
Milsy Bánovecká,Mliečne výrobky,"5,95",200,200 g,2026-05-17T22:27:37.376846
Hollandia Gazdovský,Ostatné,"1,58",500,500 g,2026-05-17T22:27:37.435791
Müller Müllermilch,Ostatné,"2,23",400,400 g,2026-05-17T22:27:37.570242
K-Classic Emmental,Ostatné,"9,23",400,400 g,2026-05-17T22:27:37.660911
Váječné bielka,Ostatné,"2,98",500,500 g,2026-05-17T22:27:37.737760
Tami PlesnivecMäkký zrejúci syr s plesňou,Mliečne výrobky,"14,88",80,80 g,2026-05-17T22:27:37.848774
StarbucksKávový nápoj,Ostatné,"9,05",220,220 ml,2026-05-17T22:27:37.910789
K-ClassicSmotana na varenie,Mliečne výrobky,"2,18",500,500 ml,2026-05-17T22:27:37.965143
HeraRastlinná tuková nátierka,Ostatné,"4,58",2,250 g,2026-05-17T22:27:38.089875
NikaTermix do vrecka,Ostatné,"9,88",80,80 g,2026-05-17T22:27:38.151397
Pribináček KapsíkTvarohovo-smotanový dezert(=,Mliečne výrobky,"14,14",1,1 kg,2026-05-17T22:27:38.205425
Very RiceRyžový dezert,Ostatné,"7,08",120,120 g,2026-05-17T22:27:38.261835
BabičkaMiláčik,Ostatné,"11,13",80,80 g,2026-05-17T22:27:38.334765
Tvarohový dezertrôzne druhy,Mliečne výrobky,"6,58",120,120 g,2026-05-17T22:27:38.367110
Eidam na vyprážaniePolotvrdý zrejúci syr,Mliečne výrobky,"9,90",100,100 g,2026-05-17T22:27:38.423761
GoudaPolotvrdý zrejúci syr,Mliečne výrobky,"7,50",100,100 g,2026-05-17T22:27:38.469822
LeerdammerPolotvrdý zrejúci syr,Mliečne výrobky,"11,90",100,100 g,2026-05-17T22:27:38.519395
Koliba Mozzarella,Mliečne výrobky,"9,90",100,100 g,2026-05-17T22:27:38.563639
MADETACisársky syr,Mliečne výrobky,"8,90",100,100 g,2026-05-17T22:27:38.610795
EhrmannProteínový pudingový dezert,Ostatné,"8,45",200,200 g,2026-05-17T22:27:38.713955
Leerdammer,Ostatné,"20,63",80,80 g,2026-05-17T22:27:38.760998
Mrazené výrobky,Ostatné,"4,99",14.05,75 g,2026-05-17T22:27:39.052459
Mrazené výrobky,Ostatné,20.05,14.05,,2026-05-17T22:27:39.055997
Friends Asia,Ostatné,"4,99",75,75 g,2026-05-17T22:27:39.067369
Friends Asia,Ostatné,"26,53",75,75 g,2026-05-17T22:27:39.070466
Mylord Premium,Ostatné,"6,66",900,900 g,2026-05-17T22:27:39.327260
Vajíčkový šalát,Ovocie a Zelenina,"7,99",100,100 g,2026-05-17T22:27:39.468161
Vajíčkový šalát,Ovocie a Zelenina,"6,90",100,100 g,2026-05-17T22:27:39.471394
Sojaprodukt,Ostatné,"3,25",200,200 g,2026-05-17T22:27:39.519440
Pierre Baguette,Ostatné,"9,95",210,240 g,2026-05-17T22:27:39.682072
Indiana JerkySušené mäso,Ostatné,25,,25 g,2026-05-17T22:27:40.010607
Violife MediterraneanRastlinný výrobok,Ostatné,"14,95",200,200 g,2026-05-17T22:27:40.193129
Trvanlivé potraviny,Ostatné,"4,29",14.05,260 g,2026-05-17T22:27:40.229361
Trvanlivé potraviny,Ostatné,20.05,14.05,,2026-05-17T22:27:40.233013
RibeiraFazuľa,Ostatné,"6,23",400,400 g,2026-05-17T22:27:40.748546
VitanaPoctivá polievka,Ostatné,"11,24",82,97 g,2026-05-17T22:27:40.838676
SPAKDressing,Ostatné,"7,16",250,250 ml,2026-05-17T22:27:40.887701
K-ClassicRyža,Trvanlivé / Snacks,1,,1 kg,2026-05-17T22:27:41.146708
GianaTuniak drvený,Trvanlivé / Snacks,"12,42",170,170 g,2026-05-17T22:27:41.194741
Hamburgerové žemle,Ostatné,"4,97",6,6 ks,2026-05-17T22:27:41.436739
so sezamom,Ostatné,6,,6 ks,2026-05-17T22:27:41.459503
Toustís svetlý,Ostatné,"5,03",336,336 g,2026-05-17T22:27:41.484292
Kráľovský cheesecake,Ostatné,"7,06",650,650 g,2026-05-17T22:27:41.564085
Maková taštička,Ostatné,"5,18",85,85 g,2026-05-17T22:27:41.685693
Kváskový chlieb Delikates,Pečivo,"3,56",405,405 g,2026-05-17T22:27:41.732954
Ražná kocka,Ostatné,"4,00",70,70 g,2026-05-17T22:27:41.780553
Makovka maslová,Mliečne výrobky,"4,14",70,70 g,2026-05-17T22:27:41.829863
Vianočka maslovás hrozienkami a mandľami,Pečivo,"4,48",400,400 g,2026-05-17T22:27:41.876426
Borek so syrom a špenátom,Mliečne výrobky,"5,22",90,90 g,2026-05-17T22:27:41.932923
Donut plnenýkakaovým krémom,Pečivo,"9,40",67,67 g,2026-05-17T22:27:41.979231
VamexVáš závin,Ostatné,"6,48",400,400 g,2026-05-17T22:27:42.037658
Cesnakový uzol,Ostatné,"5,90",100,100 g,2026-05-17T22:27:42.098033
Fitness žemľa,Ostatné,"2,13",75,75 g,2026-05-17T22:27:42.156747
Donuts jahodovou náplňou,Ovocie a Zelenina,"8,99",69,69 g,2026-05-17T22:27:42.218698
Syrový slimák,Mliečne výrobky,"7,29",85,85 g,2026-05-17T22:27:42.276694
VAMEXGápelský koláč,Pečivo,"7,50",100,100 g,2026-05-17T22:27:42.333966
NelapekPrémiová Vianočka,Pečivo,"4,54",350,350 g,2026-05-17T22:27:42.394209
Drevorubačský chlieb,Pečivo,"1,85",405,405 g,2026-05-17T22:27:42.453330
Pinsa Pollo s kuracím mäsom,Mäso,"8,50",140,140 g,2026-05-17T22:27:42.805466
"Káva, čaj, sladké, slané",Ostatné,"1,79",14.05,90 g,2026-05-17T22:27:42.863799
"Káva, čaj, sladké, slané",Ostatné,20.05,14.05,,2026-05-17T22:27:42.868106
Orion Študentká pečať,Ostatné,"16,56",90,90 g,2026-05-17T22:27:43.096905
Sedita Horalky,Ostatné,"8,76",5,50 g,2026-05-17T22:27:43.160995
Namex Pepe,Ostatné,"4,30",300,300 g,2026-05-17T22:27:43.322756
DoritosTortila chipsy,Mliečne výrobky,"14,90",100,100 g,2026-05-17T22:27:43.353018
Čokoládová tyčinka,Trvanlivé / Snacks,"13,53","36,5",57 g,2026-05-17T22:27:43.410811
TchiboZrnková káva,Ostatné,"19,98",500,500 g,2026-05-17T22:27:43.570215
MerciDezert,Ostatné,"21,98",400,400 g,2026-05-17T22:27:43.731995
Kinder CrispyČokoládové tyčinky,Trvanlivé / Snacks,"20,53",170,170 g,2026-05-17T22:27:43.794057
Slovakia VrúbkyZemiakové lupienky,Trvanlivé / Snacks,"13,25",120,120 g,2026-05-17T22:27:43.825992
MAX SPORTProteínová tyčinka,Ostatné,"15,00",50,50 g,2026-05-17T22:27:43.869187
FARMA TEKVIČKATekvicové jadierka,Ostatné,"13,16",250,250 g,2026-05-17T22:27:43.944569
NESVADSKÉ OBLÁTKY,Ostatné,"12,38",80,80 g,2026-05-17T22:27:43.999019
BIOTATRYBIO čaj jarná očista,Ostatné,30,30,30 g,2026-05-17T22:27:44.099879
BIO čaj jarná očista,Ostatné,30,,30 g,2026-05-17T22:27:44.107942
FigaroČokopiškótyKúp,Ostatné,"6,77",2,147 g,2026-05-17T22:27:44.416379
JacobsInstantná káva,Ostatné,"0,25",20,20 ks,2026-05-17T22:27:44.479829
Ľubovnianka,Ostatné,"1,64",2,2 l,2026-05-17T22:27:44.527138
Ľubovnianka,Ostatné,"0,20",2,2 l,2026-05-17T22:27:44.530541
Zlatý Bažant,Ostatné,"1,70","0,5","0,5 l",2026-05-17T22:27:44.576301
Karpatské KB,Ostatné,"10,70","0,7","0,7 l",2026-05-17T22:27:44.700329
Budweiser Budvar,Ostatné,"1,25",12,"0,5 l",2026-05-17T22:27:44.765818
Svetlé pivo,Nápoje,12,,,2026-05-17T22:27:44.774784
Captain Jack,Ostatné,"2,58","0,33","0,33 l",2026-05-17T22:27:44.852676
ORAVSKÁ červená edícia,Ostatné,"0,66","1,5","1,5 l",2026-05-17T22:27:44.903263
BraníkSvetlý ležiak,Ostatné,"0,79","1,5","1,5 l",2026-05-17T22:27:45.026063
AperolAperitív,Ostatné,"15,70","0,7","0,7 l",2026-05-17T22:27:45.060061
KlasikBorovička,Ostatné,"10,38","0,5","0,5 l",2026-05-17T22:27:45.199360
ZubrowkaVodka,Ostatné,"11,41","0,7","0,7 l",2026-05-17T22:27:45.251502
BošáckaSlivovica,Ostatné,"21,41","0,7","0,7 l",2026-05-17T22:27:45.297190
BruncvíkSvetlé pivo,Nápoje,"0,98","0,5","0,5 l",2026-05-17T22:27:45.582379
ZAMIOŠtava,Ostatné,"7,84",100,"0,7 l",2026-05-17T22:27:45.753360
StarobrnoSvetlé pivo,Nápoje,"1,18","0,5","0,5 l",2026-05-17T22:27:46.361536
KrušoviceSvetlé pivo,Nápoje,"1,58","0,5","0,5 l",2026-05-17T22:27:46.421120
StaropramenSvetlé pivo,Nápoje,"0,78",10,"0,5 l",2026-05-17T22:27:46.498443
BecherovkaBylinný likér,Nápoje,"13,98","0,5","0,5 l",2026-05-17T22:27:46.910981
Fernet BavorákMiešaný alk. nápoj,Ostatné,"7,96","0,25","0,25 l",2026-05-17T22:27:46.965424
"Drogéria, Potrava pre zvieratá",Ostatné,"16,99",14.05,81 kus,2026-05-17T22:27:47.070664
"Drogéria, Potrava pre zvieratá",Ostatné,20.05,14.05,,2026-05-17T22:27:47.075975
BEBA Comfort,Ostatné,"17,49",800,800 g,2026-05-17T22:27:47.533223
VeetDepilačné prúžky,Ostatné,"0,33",12,20 kus,2026-05-17T22:27:47.580004
PanteneŠampón alebo Kondicionér,Ostatné,"8,98",220,400 ml,2026-05-17T22:27:47.625303
NiveaTelové mlieko,Mliečne výrobky,"14,48",400,400 ml,2026-05-17T22:27:47.667871
Pampers PremiumPlienky,Ostatné,"0,20",58,88 kus,2026-05-17T22:27:47.862967
JarProstriedok na riad,Ostatné,"2,44","1,35","1,35 l",2026-05-17T22:27:47.909500
BrefWC blok,Ostatné,"19,95",4,50 g,2026-05-17T22:27:47.969441
GOURMETGold Multip,Ostatné,"6,16",8,85 g,2026-05-17T22:27:47.999744
SanytolDezinfekčný prostriedok,Ostatné,"4,98",500,500 ml,2026-05-17T22:27:48.048825
ArielPrací prášok,Ostatné,"0,22",40,,2026-05-17T22:27:48.109841
ShebaKapsičky pre mačky,Ostatné,"5,29",40,85 g,2026-05-17T22:27:48.154436
K-ClassicToaletný papier,Ostatné,"0,21",8,8 kus,2026-05-17T22:27:48.186031
Biotech USAProteín,Ostatné,1,,1 kg,2026-05-17T22:27:48.299208
"Elektro, kancelária, médiá",Ostatné,"11,99",14.05,1 kus,2026-05-17T22:27:48.454743
"Elektro, kancelária, médiá",Ostatné,20.05,14.05,,2026-05-17T22:27:48.459811
Berlinger Haus,Ostatné,1,,1 kus,2026-05-17T22:27:48.717006
Zastrihávač vlasov HC,Ostatné,15,3505,,2026-05-17T22:27:48.836325
Zastrihávač fúzov BT,Ostatné,14,3206,,2026-05-17T22:27:48.894653
"VartaBatérie Longlife Power, AA",Ostatné,"0,33",24,24 kus,2026-05-17T22:27:49.001544
"Dom, domácnosť",Ostatné,20.05,14.05,,2026-05-17T22:27:49.297724
Teplovzdušná pištoľ PHLGB,Ostatné,1,2000,,2026-05-17T22:27:49.662875
Ponorné čerpadlo PETPS,Ostatné,2,400,,2026-05-17T22:27:49.770501
ParksideSolárna sprcha,Ostatné,1,,1 kus,2026-05-17T22:27:49.815950
ParksideVysokotlakový čistič,Ostatné,21,170,21 balenie,2026-05-17T22:27:49.865617
Vysokotlakový čistič,Ostatné,2,170,,2026-05-17T22:27:49.871307
ParksideLazúra na plot,Ostatné,"3,00",1,1 kus,2026-05-17T22:27:49.922253
ParksideStavebná hadicaprevádzkový tlak:,Ostatné,6,,,2026-05-17T22:27:49.973038
prevádzkový tlak:,Ostatné,6,,,2026-05-17T22:27:49.985629
ParksidePonorné čerpadlo,Ostatné,21,400,21 kus,2026-05-17T22:27:50.026263
Ponorné čerpadlo,Ostatné,2,400,,2026-05-17T22:27:50.032342
ParksideSúprava štetcov,Ostatné,10,,,2026-05-17T22:27:50.078798
ParksideAku vibračná prísavka,Ostatné,11,20,11 kus,2026-05-17T22:27:50.130224
Aku vibračná prísavka,Ostatné,1,20,,2026-05-17T22:27:50.136997
ParksideAku sponkovačka,Ostatné,11,20,11 kus,2026-05-17T22:27:50.232960
Aku sponkovačka,Ostatné,1,20,,2026-05-17T22:27:50.242209
ParksideAku vŕtací skrutkovač,Ostatné,1,,1 balenie,2026-05-17T22:27:50.289605
ParksideAku nožnice na trávnik,Ostatné,1,,1 balenie,2026-05-17T22:27:50.338458
ParksideAku ventilátor,Ostatné,21,20,21 kus,2026-05-17T22:27:50.387553
Aku ventilátor,Ostatné,2,20,,2026-05-17T22:27:50.397644
ParksideZáhradný drvič PEMH,Ostatné,21,2400,21 kus,2026-05-17T22:27:50.446693
Záhradný drvič PEMH,Ostatné,2,2400,,2026-05-17T22:27:50.453115
ParksideAku uhlová brúska,Ostatné,1,,1 balenie,2026-05-17T22:27:50.497773
ParksideAku priamočiara píla,Ostatné,1,,1 balenie,2026-05-17T22:27:50.533746
Akumulátor PAP,Ostatné,3,20,,2026-05-17T22:27:50.628359
ParksideAkumulátor PAP,Ostatné,11,20,11 kus,2026-05-17T22:27:50.660120
Akumulátor PAP,Ostatné,1,20,,2026-05-17T22:27:50.684305
ParksideAku strunová kosačka,Ostatné,1,,1 kus,2026-05-17T22:27:50.726890
ParksideUniverzálny podstavec,Ostatné,1,1550,1 kus,2026-05-17T22:27:50.779585
ParksideŠpirála na čistenie potrubí,Ostatné,1,,1 kus,2026-05-17T22:27:50.896795
ParksideVidlicovo-prstencové kľúče,Ostatné,25,,,2026-05-17T22:27:50.951619
Uhlová brúska PWS,Ostatné,5,230,,2026-05-17T22:27:51.029110
ParksideLaserová vodováha PLLM,Ostatné,11,10,11 kus,2026-05-17T22:27:51.150629
Laserová vodováha PLLM,Ostatné,1,10,,2026-05-17T22:27:51.160614
ParksideRúrkový zverák,Ostatné,1,,1 kus,2026-05-17T22:27:51.211464
Kontrolná kamera,Ostatné,4,2.8,,2026-05-17T22:27:51.344087
ParksideRezačka na plastové rúrky,Ostatné,1,,1 kus,2026-05-17T22:27:51.518883
ParksideRezačka na rúrky,Ostatné,1,,1 kus,2026-05-17T22:27:51.578464
ParksideOhýbacie kliešte na rúry,Ostatné,1,,1 kus,2026-05-17T22:27:51.635813
ParksideSúprava obrubovačiek,Ostatné,1,,1 balenie,2026-05-17T22:27:51.695310
ParksideOpaskové kliešte,Ostatné,1,,1 kus,2026-05-17T22:27:51.763187
ParksideKombinačky,Ostatné,1,,1 kus,2026-05-17T22:27:51.821192
ParksideKliešte,Ostatné,1,,1 kus,2026-05-17T22:27:51.880174
ParksideKliešte s bočným strihom,Ostatné,1,,1 kus,2026-05-17T22:27:51.942907
ParksideBetonárske kliešte,Ostatné,1,,1 kus,2026-05-17T22:27:51.995252
ParksideNastaviteľný vidlicový kľúč,Ostatné,1,,1 kus,2026-05-17T22:27:52.050214
ParksideVodoinštalatérske kliešte,Ostatné,1,,1 kus,2026-05-17T22:27:52.103834
ParksideSortiment hadicových spôn,Ostatné,19,,,2026-05-17T22:27:52.254003
ParksideSortiment hadicových spôn,Ostatné,26,,,2026-05-17T22:27:52.418092
ParksideDiamantové vrtáky,Ostatné,5,,,2026-05-17T22:27:52.468668
ParksidePracovné LED svetlo,Ostatné,1,,1 kus,2026-05-17T22:27:52.694338
ParksideSúprava vrtákov,Ostatné,15,,,2026-05-17T22:27:52.843409
ParksideSúprava HSS vrtákov,Ostatné,15,,,2026-05-17T22:27:52.951017
ParksideHasák,Ostatné,1,,1 kus,2026-05-17T22:27:52.999688
ParksideInštalatérske kliešte,Ostatné,3,,3 kus,2026-05-17T22:27:53.053369
"Hrniec s pokrievkou, Ø",Ostatné,28,,,2026-05-17T22:27:53.641734
"Hrniec s pokrievkou, Ø",Ostatné,20,,,2026-05-17T22:27:53.700789
"Hrniec s pokrievkou, Ø",Ostatné,24,,,2026-05-17T22:27:53.746807
Livington Sumo SlicerKompaktný strúhač,Ostatné,1,,1 balenie,2026-05-17T22:27:54.167862
"Parák, priemer:",Ostatné,1,23,1 kus,2026-05-17T22:27:54.218268
"Parák, priemer:",Ostatné,23,,,2026-05-17T22:27:54.224764
Ostrič nožov,Ostatné,1,,1 kus,2026-05-17T22:27:54.270298
"Parák, priemer:",Ostatné,"27,5",,,2026-05-17T22:27:54.366103
Rozprašovač na olej a ocot,Trvanlivé / Snacks,1,,1 kus,2026-05-17T22:27:54.464959
Casa SiSušiak na bielizeň,Ostatné,1,,1 kus,2026-05-17T22:27:54.885522
K-ClassicSúprava sieťok na pranie,Ostatné,3,,3 kus,2026-05-17T22:27:55.045745
K-ClassicSúprava sieťok na pranie,Ostatné,2,,2 kus,2026-05-17T22:27:55.149702
Liv &BoSúprava vákuových vakov,Ostatné,"0,70",10,10 kus,2026-05-17T22:27:56.292442
K-ClassicRamienka na odev,Ostatné,"0,20",10,10 kus,2026-05-17T22:27:56.343833
"Oblečenie, auto, voľný čas, hry",Ostatné,"15,99",14.05,1 kus,2026-05-17T22:27:56.532830
"Oblečenie, auto, voľný čas, hry",Ostatné,20.05,14.05,,2026-05-17T22:27:56.535930
Zázrivský korbáčik,Pečivo,"11,96",250,250 g,2026-05-17T22:27:57.833573
Karička Maxi,Ostatné,"7,93",140,140 g,2026-05-17T22:27:57.946363
Danone Actimel,Ostatné,"3,74",8,100 g,2026-05-17T22:27:58.133387
GalbaniMascarpone,Ostatné,"7,98",500,500 g,2026-05-17T22:27:58.203361
RajoKyslá smotana,Mliečne výrobky,"3,96",250,250 g,2026-05-17T22:27:58.262492
MilkoTvarohový krém Maťko,Mliečne výrobky,"4,54",130,130 g,2026-05-17T22:27:58.369719
K-ClassicGrécky jogurt,Mliečne výrobky,1,,1 kg,2026-05-17T22:27:58.418948
K-ClassicMozzarella,Mliečne výrobky,"8,25",200,200 g,2026-05-17T22:27:58.532758
K-FavouritesGrana Padano DOP syr,Mliečne výrobky,"16,60",150,150 g,2026-05-17T22:27:58.637490
Maggi Stir-FryRezance,Ostatné,"6,97",118,185 g,2026-05-17T22:27:59.214266
Rio MareTuniak,Trvanlivé / Snacks,"28,75",160,160 g,2026-05-17T22:27:59.270658
IdeálCestoviny,Trvanlivé / Snacks,1,,1 kg,2026-05-17T22:27:59.549111
AmundsenVodka,Ostatné,"11,41","0,7","0,7 l",2026-05-17T22:27:59.579230
Villa Vino RačaVíno,Nápoje,"6,65","0,75","0,75 l",2026-05-17T22:27:59.629574
Božkov RepublicaRumový likér,Ostatné,"18,56","0,7","0,7 l",2026-05-17T22:27:59.677619
CorgoňSvetlé pivo,Nápoje,"1,10",10,"0,5 l",2026-05-17T22:27:59.721519
Pilsner UrquellSvetlý ležiak,Nápoje,"2,18","4,4","0,5 l",2026-05-17T22:27:59.771900
Svetlý ležiak,Ostatné,"4,4",,,2026-05-17T22:27:59.794856
Pepsi alebo MirindaLimonáda,Ostatné,"0,75",4,2 l,2026-05-17T22:27:59.836262
HubertŠumivé víno,Nápoje,"5,32","0,75","0,75 l",2026-05-17T22:27:59.869934
Eduscho Mocca GrandeMletá káva,Ostatné,"13,98",2,250 g,2026-05-17T22:28:00.050277
Happy DayŠťava,Nápoje,1,100,1 l,2026-05-17T22:28:00.208413
HellEnergetický nápoj,Ostatné,"1,98","0,5","0,5 l",2026-05-17T22:28:00.266701
Viedenské párky XXL,Ostatné,1,,1 kg,2026-05-17T22:28:00.369384
Ponuka OD DO,Ostatné,"2,49",17.05,280 g,2026-05-17T22:28:00.622221
Ponuka OD DO,Ostatné,20.05,17.05,,2026-05-17T22:28:00.626940
Slanina na opekanie,Ostatné,"6,90",700,700 g,2026-05-17T22:28:00.703388
Zeler stopkatý,Ostatné,1,,1 kus,2026-05-17T22:28:00.880807
Mango zrelé,Ovocie a Zelenina,1,,1 kus,2026-05-17T22:28:00.930380
Hrušky zelené,Ovocie a Zelenina,1,,1 kg,2026-05-17T22:28:00.977256
Jablko Evelina,Ovocie a Zelenina,1,,1 kg,2026-05-17T22:28:01.021909
K-BioCitróny,Ostatné,"2,78",500,500 g,2026-05-17T22:28:01.068059
Čerstvé zo SlovenskaParadajky koktailové,Ovocie a Zelenina,"3,65",600,600 g,2026-05-17T22:28:01.118801
Vlašský šaláts lahôdkovou salámou,Ovocie a Zelenina,"3,50",100,100 g,2026-05-17T22:28:01.235261
Tyčinkaso zelenými olivami,Ostatné,"6,88",80,80 g,2026-05-17T22:28:01.281196
Rožtekorechový alebo makový,Ostatné,"6,70",88,88 g,2026-05-17T22:28:01.333365
MADETAKamadet,Ostatné,"10,50",100,100 g,2026-05-17T22:28:01.383609
TamiTatranské maslo,Mliečne výrobky,"5,56",82,250 g,2026-05-17T22:28:01.442062
K-ClassicMozzarella Mini,Mliečne výrobky,"6,32",250,250 g,2026-05-17T22:28:01.491944
K-ClassicSmotanový jogurt,Mliečne výrobky,"1,93",150,150 g,2026-05-17T22:28:01.535227
K-ClassicAcidofilné mlieko,Mliečne výrobky,"1,11",950,950 g,2026-05-17T22:28:01.586215
FrozittaPolievka držková,Ostatné,"3,76",450,450 g,2026-05-17T22:28:01.649738
K-FavouritesUhorky,Ostatné,"5,21",330,330 g,2026-05-17T22:28:01.696511
K-ClassicMakrela filety,Ostatné,"12,65",170,170 g,2026-05-17T22:28:01.800863
ChioPopcorn,Ostatné,"9,38",80,80 g,2026-05-17T22:28:01.917924
K-ClassicKrekery,Ostatné,"4,45",200,200 g,2026-05-17T22:28:02.078415
K-ClassicŽelé banány v čokoláde,Ovocie a Zelenina,"6,95",200,200 g,2026-05-17T22:28:02.133612
MaggiInstantná polievka,Ostatné,"8,31","59,2","59,2 g",2026-05-17T22:28:02.193210
K-ClassicOmáčka,Ostatné,"3,98",400,400 ml,2026-05-17T22:28:02.269044
Nestlé AnticolCukríky,Ostatné,"17,00",50,50 g,2026-05-17T22:28:02.328601
MariannaPohánka,Ostatné,"3,58",500,500 g,2026-05-17T22:28:02.388101
BlockOblátky plnené krémom,Ostatné,"4,73",400,400 g,2026-05-17T22:28:02.437445
Bergen CookiesSušienky,Ostatné,"6,18",225,225 g,2026-05-17T22:28:02.483621
K-ClassicKešu orechy,Ostatné,"12,45",200,200 g,2026-05-17T22:28:02.541944
K-ClassicMimelli Mliečny dezert,Ostatné,"3,19",4,90 g,2026-05-17T22:28:02.586382
Mlyn PernerPšeničná múka,Ostatné,1,,1 kg,2026-05-17T22:28:02.633366
Rajo Probia NatureJogurt biely,Mliečne výrobky,"2,15",135,135 g,2026-05-17T22:28:02.679962
ÖlzMliečne žemle,Ostatné,"6,54",350,350 g,2026-05-17T22:28:02.730090
K-ClassicMajonéza,Ostatné,"4,36",250,250 ml,2026-05-17T22:28:02.775528
K-ClassicEidam blok,Mliečne výrobky,"5,16",250,250 g,2026-05-17T22:28:02.848323
MarlexTočená saláma,Mäso,"3,70",700,700 g,2026-05-17T22:28:03.043742
GašparíkHusacia paštéta,Ostatné,"13,50",140,140 g,2026-05-17T22:28:03.086788
Viedenské párky,Ostatné,"7,15",460,460 g,2026-05-17T22:28:03.133940
MecomChopok saláma,Mäso,"10,38",500,500 g,2026-05-17T22:28:03.179757
MoorozPielmieni,Ostatné,"5,09",450,450 g,2026-05-17T22:28:03.230153
Čerešnička na víkend,Ostatné,"2,99",16.05,500 g,2026-05-17T22:28:03.870554
Čerešnička na víkend,Ostatné,17.05,16.05,,2026-05-17T22:28:03.876255
BIO Špargľa zelená,Ostatné,"2,99",500,500 g,2026-05-17T22:28:03.888673
BIO Špargľa zelená,Ostatné,"6,38",500,500 g,2026-05-17T22:28:03.892912
